{"metadata":{"kernel_spec":{"name":"SQL","language":"sql","display_name":"SQL"},"language_info":{"name":"sql","version":""}},"nbformat":4,"nbformat_minor":2,"cells":[{"cell_type":"markdown","source":["# [dbo].[BangluongNV]"],"metadata":{"urn":"Server[@Name='DESKTOP-IBUT2KF\\SQLEXPRESS']/Database[@Name='BOOKSTORE']/Table[@Name='BangluongNV' and @Schema='dbo']","object_type":"Table"}},{"outputs":[],"execution_count":0,"cell_type":"code","source":["USE [BOOKSTORE]\r\n","GO\r\n"],"metadata":{"urn":"Server[@Name='DESKTOP-IBUT2KF\\SQLEXPRESS']/Database[@Name='BOOKSTORE']/Table[@Name='BangluongNV' and @Schema='dbo']","object_type":"Table"}},{"outputs":[],"execution_count":0,"cell_type":"code","source":["/****** Object:  Table [dbo].[BangluongNV]    Script Date: 12/25/2020 11:30:24 PM ******/\r\nSET ANSI_NULLS ON\r\n","GO\r\n","SET QUOTED_IDENTIFIER ON\r\n","GO\r\n","CREATE TABLE [dbo].[BangluongNV](\r\n\t[Manv] [nvarchar](50) NOT NULL,\r\n\t[Macv] [nvarchar](50) NOT NULL,\r\n\t[Tennv] [nvarchar](50) NULL,\r\n\t[Thoigian] [datetime] NULL,\r\n\t[Luong] [nvarchar](50) NULL,\r\n\t[Nhanvien] [nvarchar](50) NULL,\r\n\t[Quanly] [nvarchar](50) NULL,\r\n\t[Thuong] [nvarchar](50) NULL,\r\n\t[Thanhtien] [nvarchar](50) NULL,\r\n CONSTRAINT [PK_BangluongNV] PRIMARY KEY CLUSTERED \r\n(\r\n\t[Manv] ASC,\r\n\t[Macv] ASC\r\n)WITH (PAD_INDEX = OFF, STATISTICS_NORECOMPUTE = OFF, IGNORE_DUP_KEY = OFF, ALLOW_ROW_LOCKS = ON, ALLOW_PAGE_LOCKS = ON, OPTIMIZE_FOR_SEQUENTIAL_KEY = OFF) ON [PRIMARY]\r\n) ON [PRIMARY]\r\nGO\r\n"],"metadata":{"urn":"Server[@Name='DESKTOP-IBUT2KF\\SQLEXPRESS']/Database[@Name='BOOKSTORE']/Table[@Name='BangluongNV' and @Schema='dbo']","object_type":"Table"}},{"cell_type":"markdown","source":["# [dbo].[Chitiethoadon]"],"metadata":{"urn":"Server[@Name='DESKTOP-IBUT2KF\\SQLEXPRESS']/Database[@Name='BOOKSTORE']/Table[@Name='Chitiethoadon' and @Schema='dbo']","object_type":"Table"}},{"outputs":[],"execution_count":0,"cell_type":"code","source":["/****** Object:  Table [dbo].[Chitiethoadon]    Script Date: 12/25/2020 11:30:24 PM ******/\r\nSET ANSI_NULLS ON\r\n","GO\r\n","SET QUOTED_IDENTIFIER ON\r\n","GO\r\n","CREATE TABLE [dbo].[Chitiethoadon](\r\n\t[Mahd] [nvarchar](50) NOT NULL,\r\n\t[Masp] [nvarchar](50) NOT NULL,\r\n\t[Soluong] [int] NULL,\r\n\t[Dongia] [int] NULL,\r\n\t[Tongtien] [int] NULL,\r\n CONSTRAINT [PK_Chitiethoadon] PRIMARY KEY CLUSTERED \r\n(\r\n\t[Mahd] ASC,\r\n\t[Masp] ASC\r\n)WITH (PAD_INDEX = OFF, STATISTICS_NORECOMPUTE = OFF, IGNORE_DUP_KEY = OFF, ALLOW_ROW_LOCKS = ON, ALLOW_PAGE_LOCKS = ON, OPTIMIZE_FOR_SEQUENTIAL_KEY = OFF) ON [PRIMARY]\r\n) ON [PRIMARY]\r\nGO\r\n"],"metadata":{"urn":"Server[@Name='DESKTOP-IBUT2KF\\SQLEXPRESS']/Database[@Name='BOOKSTORE']/Table[@Name='Chitiethoadon' and @Schema='dbo']","object_type":"Table"}},{"cell_type":"markdown","source":["# [dbo].[Chucvu]"],"metadata":{"urn":"Server[@Name='DESKTOP-IBUT2KF\\SQLEXPRESS']/Database[@Name='BOOKSTORE']/Table[@Name='Chucvu' and @Schema='dbo']","object_type":"Table"}},{"outputs":[],"execution_count":0,"cell_type":"code","source":["/****** Object:  Table [dbo].[Chucvu]    Script Date: 12/25/2020 11:30:24 PM ******/\r\nSET ANSI_NULLS ON\r\n","GO\r\n","SET QUOTED_IDENTIFIER ON\r\n","GO\r\n","CREATE TABLE [dbo].[Chucvu](\r\n\t[Macv] [nvarchar](50) NOT NULL,\r\n\t[Tencv] [nvarchar](50) NULL,\r\n\t[Luongcoban] [nvarchar](50) NULL,\r\n CONSTRAINT [PK_Chucvu] PRIMARY KEY CLUSTERED \r\n(\r\n\t[Macv] ASC\r\n)WITH (PAD_INDEX = OFF, STATISTICS_NORECOMPUTE = OFF, IGNORE_DUP_KEY = OFF, ALLOW_ROW_LOCKS = ON, ALLOW_PAGE_LOCKS = ON, OPTIMIZE_FOR_SEQUENTIAL_KEY = OFF) ON [PRIMARY]\r\n) ON [PRIMARY]\r\nGO\r\n"],"metadata":{"urn":"Server[@Name='DESKTOP-IBUT2KF\\SQLEXPRESS']/Database[@Name='BOOKSTORE']/Table[@Name='Chucvu' and @Schema='dbo']","object_type":"Table"}},{"cell_type":"markdown","source":["# [dbo].[Hoadonbanhangg]"],"metadata":{"urn":"Server[@Name='DESKTOP-IBUT2KF\\SQLEXPRESS']/Database[@Name='BOOKSTORE']/Table[@Name='Hoadonbanhangg' and @Schema='dbo']","object_type":"Table"}},{"outputs":[],"execution_count":0,"cell_type":"code","source":["/****** Object:  Table [dbo].[Hoadonbanhangg]    Script Date: 12/25/2020 11:30:24 PM ******/\r\nSET ANSI_NULLS ON\r\n","GO\r\n","SET QUOTED_IDENTIFIER ON\r\n","GO\r\n","CREATE TABLE [dbo].[Hoadonbanhangg](\r\n\t[Mahd] [nvarchar](50) NOT NULL,\r\n\t[Manv] [nvarchar](50) NOT NULL,\r\n\t[Tennv] [nvarchar](50) NULL,\r\n\t[Ngayban] [datetime] NULL,\r\n\t[Thanhtien] [int] NULL,\r\n\t[Tenkh] [nvarchar](50) NULL,\r\n\t[Sdt] [nvarchar](50) NULL,\r\n CONSTRAINT [PK_Hoadonbanhangg] PRIMARY KEY CLUSTERED \r\n(\r\n\t[Mahd] ASC,\r\n\t[Manv] ASC\r\n)WITH (PAD_INDEX = OFF, STATISTICS_NORECOMPUTE = OFF, IGNORE_DUP_KEY = OFF, ALLOW_ROW_LOCKS = ON, ALLOW_PAGE_LOCKS = ON, OPTIMIZE_FOR_SEQUENTIAL_KEY = OFF) ON [PRIMARY]\r\n) ON [PRIMARY]\r\nGO\r\n"],"metadata":{"urn":"Server[@Name='DESKTOP-IBUT2KF\\SQLEXPRESS']/Database[@Name='BOOKSTORE']/Table[@Name='Hoadonbanhangg' and @Schema='dbo']","object_type":"Table"}},{"cell_type":"markdown","source":["# [dbo].[Nguoidung]"],"metadata":{"urn":"Server[@Name='DESKTOP-IBUT2KF\\SQLEXPRESS']/Database[@Name='BOOKSTORE']/Table[@Name='Nguoidung' and @Schema='dbo']","object_type":"Table"}},{"outputs":[],"execution_count":0,"cell_type":"code","source":["/****** Object:  Table [dbo].[Nguoidung]    Script Date: 12/25/2020 11:30:24 PM ******/\r\nSET ANSI_NULLS ON\r\n","GO\r\n","SET QUOTED_IDENTIFIER ON\r\n","GO\r\n","CREATE TABLE [dbo].[Nguoidung](\r\n\t[Taikhoan] [nvarchar](50) NOT NULL,\r\n\t[Matkhau] [nvarchar](50) NULL,\r\n\t[Quyentruycap] [nvarchar](50) NULL,\r\n CONSTRAINT [PK_Nguoidung] PRIMARY KEY CLUSTERED \r\n(\r\n\t[Taikhoan] ASC\r\n)WITH (PAD_INDEX = OFF, STATISTICS_NORECOMPUTE = OFF, IGNORE_DUP_KEY = OFF, ALLOW_ROW_LOCKS = ON, ALLOW_PAGE_LOCKS = ON, OPTIMIZE_FOR_SEQUENTIAL_KEY = OFF) ON [PRIMARY]\r\n) ON [PRIMARY]\r\nGO\r\n"],"metadata":{"urn":"Server[@Name='DESKTOP-IBUT2KF\\SQLEXPRESS']/Database[@Name='BOOKSTORE']/Table[@Name='Nguoidung' and @Schema='dbo']","object_type":"Table"}},{"cell_type":"markdown","source":["# [dbo].[Sanpham]"],"metadata":{"urn":"Server[@Name='DESKTOP-IBUT2KF\\SQLEXPRESS']/Database[@Name='BOOKSTORE']/Table[@Name='Sanpham' and @Schema='dbo']","object_type":"Table"}},{"outputs":[],"execution_count":0,"cell_type":"code","source":["/****** Object:  Table [dbo].[Sanpham]    Script Date: 12/25/2020 11:30:24 PM ******/\r\nSET ANSI_NULLS ON\r\n","GO\r\n","SET QUOTED_IDENTIFIER ON\r\n","GO\r\n","CREATE TABLE [dbo].[Sanpham](\r\n\t[Masp] [nvarchar](50) NOT NULL,\r\n\t[Tensp] [nvarchar](50) NULL,\r\n\t[Soluong] [int] NULL,\r\n\t[Dongia] [int] NULL,\r\n\t[Gianhap] [int] NULL,\r\n\t[Tonkho] [int] NULL,\r\n CONSTRAINT [PK_Sanpham] PRIMARY KEY CLUSTERED \r\n(\r\n\t[Masp] ASC\r\n)WITH (PAD_INDEX = OFF, STATISTICS_NORECOMPUTE = OFF, IGNORE_DUP_KEY = OFF, ALLOW_ROW_LOCKS = ON, ALLOW_PAGE_LOCKS = ON, OPTIMIZE_FOR_SEQUENTIAL_KEY = OFF) ON [PRIMARY]\r\n) ON [PRIMARY]\r\nGO\r\n"],"metadata":{"urn":"Server[@Name='DESKTOP-IBUT2KF\\SQLEXPRESS']/Database[@Name='BOOKSTORE']/Table[@Name='Sanpham' and @Schema='dbo']","object_type":"Table"}},{"cell_type":"markdown","source":["# [dbo].[Thongtinnhanvien]"],"metadata":{"urn":"Server[@Name='DESKTOP-IBUT2KF\\SQLEXPRESS']/Database[@Name='BOOKSTORE']/Table[@Name='Thongtinnhanvien' and @Schema='dbo']","object_type":"Table"}},{"outputs":[],"execution_count":0,"cell_type":"code","source":["/****** Object:  Table [dbo].[Thongtinnhanvien]    Script Date: 12/25/2020 11:30:24 PM ******/\r\nSET ANSI_NULLS ON\r\n","GO\r\n","SET QUOTED_IDENTIFIER ON\r\n","GO\r\n","CREATE TABLE [dbo].[Thongtinnhanvien](\r\n\t[Manv] [nvarchar](50) NOT NULL,\r\n\t[Tennv] [nvarchar](50) NULL,\r\n\t[Gioitinh] [nvarchar](50) NULL,\r\n\t[Diachi] [nvarchar](50) NULL,\r\n\t[CMND] [nvarchar](50) NULL,\r\n\t[SDT] [nvarchar](50) NULL,\r\n CONSTRAINT [PK_Thongtinnhanvien] PRIMARY KEY CLUSTERED \r\n(\r\n\t[Manv] ASC\r\n)WITH (PAD_INDEX = OFF, STATISTICS_NORECOMPUTE = OFF, IGNORE_DUP_KEY = OFF, ALLOW_ROW_LOCKS = ON, ALLOW_PAGE_LOCKS = ON, OPTIMIZE_FOR_SEQUENTIAL_KEY = OFF) ON [PRIMARY]\r\n) ON [PRIMARY]\r\nGO\r\n"],"metadata":{"urn":"Server[@Name='DESKTOP-IBUT2KF\\SQLEXPRESS']/Database[@Name='BOOKSTORE']/Table[@Name='Thongtinnhanvien' and @Schema='dbo']","object_type":"Table"}},{"cell_type":"markdown","source":["# [dbo].[BangluongNV]"],"metadata":{"urn":"Server[@Name='DESKTOP-IBUT2KF\\SQLEXPRESS']/Database[@Name='BOOKSTORE']/Table[@Name='BangluongNV' and @Schema='dbo']","object_type":"Table"}},{"outputs":[],"execution_count":0,"cell_type":"code","source":["INSERT [dbo].[BangluongNV] ([Manv], [Macv], [Tennv], [Thoigian], [Luong], [Nhanvien], [Quanly], [Thuong], [Thanhtien]) VALUES (N'NV01', N'QL01', N'Vũ Mỹ Linh', CAST(N'2020-01-12T00:00:00.000' AS DateTime), N'5000000', N'0', N'1', N'200000', N'5200000')\r\n","INSERT [dbo].[BangluongNV] ([Manv], [Macv], [Tennv], [Thoigian], [Luong], [Nhanvien], [Quanly], [Thuong], [Thanhtien]) VALUES (N'NV02', N'NV01', N'Vũ Linh Chi', CAST(N'2020-07-10T00:00:00.000' AS DateTime), N'4000000', N'1', N'0', N'100000', N'4100000')\r\n","INSERT [dbo].[BangluongNV] ([Manv], [Macv], [Tennv], [Thoigian], [Luong], [Nhanvien], [Quanly], [Thuong], [Thanhtien]) VALUES (N'NV03', N'NV01', N'Mai Ngọc Anh', CAST(N'2020-12-23T15:34:38.000' AS DateTime), N'4000000', N'1', N'0', N'20000', N'4020000')\r\n","GO\r\n"],"metadata":{"urn":"Server[@Name='DESKTOP-IBUT2KF\\SQLEXPRESS']/Database[@Name='BOOKSTORE']/Table[@Name='BangluongNV' and @Schema='dbo']","object_type":"Table"}},{"cell_type":"markdown","source":["# [dbo].[Chitiethoadon]"],"metadata":{"urn":"Server[@Name='DESKTOP-IBUT2KF\\SQLEXPRESS']/Database[@Name='BOOKSTORE']/Table[@Name='Chitiethoadon' and @Schema='dbo']","object_type":"Table"}},{"outputs":[],"execution_count":0,"cell_type":"code","source":["INSERT [dbo].[Chitiethoadon] ([Mahd], [Masp], [Soluong], [Dongia], [Tongtien]) VALUES (N'HD01', N'SP01', 1, 10000, 10000)\r\n","INSERT [dbo].[Chitiethoadon] ([Mahd], [Masp], [Soluong], [Dongia], [Tongtien]) VALUES (N'HD02', N'SP02', 2, 150000, 300000)\r\n","INSERT [dbo].[Chitiethoadon] ([Mahd], [Masp], [Soluong], [Dongia], [Tongtien]) VALUES (N'HD03', N'SP02', 2, 150000, 300000)\r\n","INSERT [dbo].[Chitiethoadon] ([Mahd], [Masp], [Soluong], [Dongia], [Tongtien]) VALUES (N'HD04', N'SP01', 7, 10000, 70000)\r\n","INSERT [dbo].[Chitiethoadon] ([Mahd], [Masp], [Soluong], [Dongia], [Tongtien]) VALUES (N'HD05', N'SP01', 3, 10000, 30000)\r\n","GO\r\n"],"metadata":{"urn":"Server[@Name='DESKTOP-IBUT2KF\\SQLEXPRESS']/Database[@Name='BOOKSTORE']/Table[@Name='Chitiethoadon' and @Schema='dbo']","object_type":"Table"}},{"cell_type":"markdown","source":["# [dbo].[Chucvu]"],"metadata":{"urn":"Server[@Name='DESKTOP-IBUT2KF\\SQLEXPRESS']/Database[@Name='BOOKSTORE']/Table[@Name='Chucvu' and @Schema='dbo']","object_type":"Table"}},{"outputs":[],"execution_count":0,"cell_type":"code","source":["INSERT [dbo].[Chucvu] ([Macv], [Tencv], [Luongcoban]) VALUES (N'NV01', N'Nhanvien', N'4000000')\r\n","INSERT [dbo].[Chucvu] ([Macv], [Tencv], [Luongcoban]) VALUES (N'QL01', N'Quanlynhanvien', N'5000000')\r\n","INSERT [dbo].[Chucvu] ([Macv], [Tencv], [Luongcoban]) VALUES (N'QL02', N'Quanlybanhang', N'5200000')\r\n","INSERT [dbo].[Chucvu] ([Macv], [Tencv], [Luongcoban]) VALUES (N'QL03', N'Quanlysanpham', N'5600000')\r\n","GO\r\n"],"metadata":{"urn":"Server[@Name='DESKTOP-IBUT2KF\\SQLEXPRESS']/Database[@Name='BOOKSTORE']/Table[@Name='Chucvu' and @Schema='dbo']","object_type":"Table"}},{"cell_type":"markdown","source":["# [dbo].[Hoadonbanhangg]"],"metadata":{"urn":"Server[@Name='DESKTOP-IBUT2KF\\SQLEXPRESS']/Database[@Name='BOOKSTORE']/Table[@Name='Hoadonbanhangg' and @Schema='dbo']","object_type":"Table"}},{"outputs":[],"execution_count":0,"cell_type":"code","source":["INSERT [dbo].[Hoadonbanhangg] ([Mahd], [Manv], [Tennv], [Ngayban], [Thanhtien], [Tenkh], [Sdt]) VALUES (N'HD01', N'NV01', N'Vũ Mỹ Linh', CAST(N'2020-12-11T00:00:00.000' AS DateTime), 100000, N'Dũng', N'0124578')\r\n","INSERT [dbo].[Hoadonbanhangg] ([Mahd], [Manv], [Tennv], [Ngayban], [Thanhtien], [Tenkh], [Sdt]) VALUES (N'HD02', N'NV02', N'Vũ Linh Chi', CAST(N'2020-08-14T00:00:00.000' AS DateTime), 1500000, N'Nam', N'01775523')\r\n","INSERT [dbo].[Hoadonbanhangg] ([Mahd], [Manv], [Tennv], [Ngayban], [Thanhtien], [Tenkh], [Sdt]) VALUES (N'HD03', N'NV03', N'Mai Ngọc Anh', CAST(N'2020-10-14T03:09:55.000' AS DateTime), 300000, N'An', N'01235896')\r\n","INSERT [dbo].[Hoadonbanhangg] ([Mahd], [Manv], [Tennv], [Ngayban], [Thanhtien], [Tenkh], [Sdt]) VALUES (N'HD04', N'NV04', N'Hoàng Anh', CAST(N'2020-10-06T03:09:55.000' AS DateTime), 70000, N'Tú', N'16340')\r\n","GO\r\n"],"metadata":{"urn":"Server[@Name='DESKTOP-IBUT2KF\\SQLEXPRESS']/Database[@Name='BOOKSTORE']/Table[@Name='Hoadonbanhangg' and @Schema='dbo']","object_type":"Table"}},{"cell_type":"markdown","source":["# [dbo].[Nguoidung]"],"metadata":{"urn":"Server[@Name='DESKTOP-IBUT2KF\\SQLEXPRESS']/Database[@Name='BOOKSTORE']/Table[@Name='Nguoidung' and @Schema='dbo']","object_type":"Table"}},{"outputs":[],"execution_count":0,"cell_type":"code","source":["INSERT [dbo].[Nguoidung] ([Taikhoan], [Matkhau], [Quyentruycap]) VALUES (N'Quanlybanhang', N'123456', N'Yes')\r\n","INSERT [dbo].[Nguoidung] ([Taikhoan], [Matkhau], [Quyentruycap]) VALUES (N'Quanlynhanvien', N'123456', N'Yes')\r\n","INSERT [dbo].[Nguoidung] ([Taikhoan], [Matkhau], [Quyentruycap]) VALUES (N'Quanlysanpham', N'123456', N'Yes')\r\n","GO\r\n"],"metadata":{"urn":"Server[@Name='DESKTOP-IBUT2KF\\SQLEXPRESS']/Database[@Name='BOOKSTORE']/Table[@Name='Nguoidung' and @Schema='dbo']","object_type":"Table"}},{"cell_type":"markdown","source":["# [dbo].[Sanpham]"],"metadata":{"urn":"Server[@Name='DESKTOP-IBUT2KF\\SQLEXPRESS']/Database[@Name='BOOKSTORE']/Table[@Name='Sanpham' and @Schema='dbo']","object_type":"Table"}},{"outputs":[],"execution_count":0,"cell_type":"code","source":["INSERT [dbo].[Sanpham] ([Masp], [Tensp], [Soluong], [Dongia], [Gianhap], [Tonkho]) VALUES (N'SP01', N'Truyện tranh', 1, 10000, 5000, 10)\r\n","INSERT [dbo].[Sanpham] ([Masp], [Tensp], [Soluong], [Dongia], [Gianhap], [Tonkho]) VALUES (N'SP02', N'Truyện ngôn tình', 2, 150000, 70000, 20)\r\n","INSERT [dbo].[Sanpham] ([Masp], [Tensp], [Soluong], [Dongia], [Gianhap], [Tonkho]) VALUES (N'SP03', N'SGK lớp 1', 30, 30000, 15000, 10)\r\n","GO\r\n"],"metadata":{"urn":"Server[@Name='DESKTOP-IBUT2KF\\SQLEXPRESS']/Database[@Name='BOOKSTORE']/Table[@Name='Sanpham' and @Schema='dbo']","object_type":"Table"}},{"cell_type":"markdown","source":["# [dbo].[Thongtinnhanvien]"],"metadata":{"urn":"Server[@Name='DESKTOP-IBUT2KF\\SQLEXPRESS']/Database[@Name='BOOKSTORE']/Table[@Name='Thongtinnhanvien' and @Schema='dbo']","object_type":"Table"}},{"outputs":[],"execution_count":0,"cell_type":"code","source":["INSERT [dbo].[Thongtinnhanvien] ([Manv], [Tennv], [Gioitinh], [Diachi], [CMND], [SDT]) VALUES (N'NV01', N'Vũ Mỹ Linh', N'Nữ', N'Hà Nam', N'011111', N'099999')\r\n","INSERT [dbo].[Thongtinnhanvien] ([Manv], [Tennv], [Gioitinh], [Diachi], [CMND], [SDT]) VALUES (N'NV02', N'Vũ Linh Chi', N'Nữ', N'Hà Nội', N'022222', N'058999')\r\n","INSERT [dbo].[Thongtinnhanvien] ([Manv], [Tennv], [Gioitinh], [Diachi], [CMND], [SDT]) VALUES (N'NV03', N'Mai Ngọc Anh', N'Nam', N'Hà Nội', N'025890', N'021479')\r\n","INSERT [dbo].[Thongtinnhanvien] ([Manv], [Tennv], [Gioitinh], [Diachi], [CMND], [SDT]) VALUES (N'NV04', N'Hoàng Anh', N'Nam', N'Nam Định', N'0147852', N'01236589')\r\n","GO\r\n"],"metadata":{"urn":"Server[@Name='DESKTOP-IBUT2KF\\SQLEXPRESS']/Database[@Name='BOOKSTORE']/Table[@Name='Thongtinnhanvien' and @Schema='dbo']","object_type":"Table"}}]}